"Name","Unknown 1","Value","Durability","Armor","Hit","Damage","Vitality","Mana","Might","Grace","Will","Unknown 2","Unknown 3","Class","Unknown 4","Level","Regen","Protection","Damage S","Damage L"
"Double axe",0,50,20000,0,1,3,10,0,0,0,0,0,0,"Warrior",0,0,0,0,3,6
"Novice platemail",0,25,25000,-5,0,0,10,0,0,0,0,0,0,"Peasant",0,0,0,0,0,0
"Throwing stars",0,2,10000,0,0,0,0,0,0,0,0,0,0,"Peasant",0,0,0,0,1,3
"Throwing blade",0,100,15000,0,21,0,0,0,0,0,0,0,0,"Rogue",0,0,0,0,4,8
"Novice armor",0,25,25000,-4,1,0,25,0,0,1,0,0,0,"Peasant",0,0,0,0,0,0
"Wild vestments",0,30000,100000,-28,0,0,175,800,0,0,9,0,0,"Mage",0,75,0,0,0,0
"Stout vestments",0,4500,100000,-13,0,0,40,110,0,0,2,0,0,"Mage",0,25,0,0,0,0
"Guri armor",0,1000,25000,-9,1,0,40,20,0,0,0,0,0,"Rogue",0,15,0,0,0,0
"Blessed scroll",0,100,10000,-1,0,0,20,20,0,0,2,0,0,"Poet",0,0,0,0,1,4
"Novice robes",0,10,10000,-5,0,0,0,0,0,0,0,0,0,"Peasant",0,0,0,0,0,0
"Archon",0,0,10000,0,0,0,0,0,0,0,0,0,0,"Peasant",0,0,0,0,0,0
"Novice vestments",0,10,25000,-3,0,0,20,30,0,0,0,0,0,"Peasant",0,0,0,0,0,0
"Short staff",0,100,10000,-1,0,0,10,35,0,0,2,0,0,"Mage",0,0,0,0,1,3
"Stout robes",0,4500,25000,-14,1,0,80,80,0,0,1,0,0,"Poet",0,25,0,0,0,0
"Beginner band",0,4000,100000,-1,0,0,15,10,0,0,0,0,0,"Peasant",0,5,0,0,0,0
"Dull blade",0,500,10000,0,1,2,0,0,0,0,0,0,0,"Peasant",0,5,0,0,10,15
"Dull sabre",0,1750,10000,0,0,1,0,0,0,0,0,0,0,"Peasant",0,15,0,0,14,23
"Crypt slayer",0,25000,10000,0,3,0,300,0,0,0,0,0,0,"Peasant",0,40,0,0,55,75
"Abyss Blade",0,0,10000,0,5,5,750,1000,0,0,0,0,0,"Peasant",0,60,0,0,80,95
"Mystic helm",0,40000,200000,-5,0,0,0,0,0,0,0,0,0,"Peasant",0,50,0,0,0,0
"Simple robe",0,5,10000,-1,0,0,0,0,0,0,0,0,0,"Peasant",0,0,0,0,0,0
"Stick",0,0,10000,0,0,0,0,0,0,0,0,0,0,"Peasant",0,0,0,0,1,3
"Blessed vestments",0,9000,100000,-18,0,0,75,220,0,0,4,0,0,"Mage",0,35,0,0,0,0
"Mystic vestments",0,15000,100000,-23,0,0,100,315,0,0,6,0,0,"Mage",0,50,0,0,0,0
"Cursed rune",0,7500,10000,-2,1,0,100,50,0,0,0,0,0,"Peasant",0,25,0,0,0,0
"75 (T) Rogue Wep",0,0,10000,0,0,0,0,0,0,0,0,0,0,"Peasant",0,0,0,0,95,115
"90 (T) Rogue Wep",0,0,10000,0,0,0,0,0,0,0,0,0,0,"Peasant",0,0,0,0,130,155
"99 (T) Rogue Wep",0,0,10000,0,0,0,0,0,0,0,0,0,0,"Peasant",0,0,0,0,160,210
"Guri robes",0,1000,25000,-8,0,0,35,25,0,0,1,0,0,"Poet",0,15,0,0,0,0
"Guri vestments",0,1000,25000,-7,0,0,20,45,0,0,2,0,0,"Mage",0,15,0,0,0,0
"Stout platemail",0,4500,10000,-16,1,1,175,0,1,0,0,0,0,"Warrior",0,25,0,0,0,0
"Blessed platemail",0,9000,100000,-21,2,1,295,0,2,1,0,0,0,"Warrior",0,35,0,0,0,0
"Mystic platemail",0,15000,100000,-26,2,1,400,0,4,2,0,0,0,"Warrior",0,50,0,0,0,0
"Wild platemail",0,30000,100000,-31,2,1,900,0,6,3,0,0,0,"Warrior",0,75,0,0,0,0
"Heavenly platemail",0,100000,100000,-34,2,2,1500,0,7,4,0,0,0,"Warrior",0,85,0,0,0,0
"Guri platemail",0,1000,25000,-10,1,0,75,0,0,0,0,0,0,"Warrior",0,15,0,0,0,0
"Heavenly vestments",0,100000,100000,-32,0,0,290,1100,0,0,8,0,0,"Mage",0,85,0,0,0,0
"Stout armor",0,4500,10000,-15,1,0,110,60,0,1,0,0,0,"Rogue",0,25,0,0,0,0
"Blessed armor",0,9000,100000,-20,2,0,190,110,1,2,0,0,0,"Rogue",0,35,0,0,0,0
"Mystic armor",0,15000,10000,-25,2,1,290,180,1,3,1,0,0,"Rogue",0,50,0,0,0,0
"Wild armor",0,30000,100000,-30,3,1,500,350,2,3,1,0,0,"Rogue",0,75,0,0,0,0
"Heavenly armor",0,100000,100000,-35,3,1,750,495,2,4,1,0,0,"Rogue",0,85,0,0,0,0
"Blessed robes",0,9000,100000,-19,1,0,120,120,0,1,0,0,0,"Poet",0,35,0,0,0,0
"Mystic robes",0,15000,10000,-23,2,0,210,210,0,1,2,0,0,"Poet",0,50,0,0,0,0
"Wild robes",0,30000,100000,-29,2,0,425,425,0,2,4,0,0,"Poet",0,75,0,0,0,0
"Heavenly robes",0,100000,100000,-33,2,0,625,625,0,3,6,0,0,"Poet",0,85,0,0,0,0
"Torch",0,0,10000,0,0,0,0,0,0,0,0,0,0,"Peasant",0,0,0,0,0,1
"Brain protector",0,10000,25000,-3,0,0,0,0,0,0,0,0,0,"Peasant",0,20,0,0,0,0
"Wooden shield",0,10000,10000,-3,1,1,150,0,0,0,0,0,0,"Peasant",0,20,0,0,0,0
"Enchanted staff",0,50000,100000,-1,0,0,150,750,0,0,7,0,0,"Mage",0,70,0,0,70,70
"Godly Plate of the Whale",0,0,10000,0,0,0,1000000000,1000000000,0,0,0,0,0,"Peasant",0,0,0,0,0,0
"99 War Hand Item",0,0,10000,-12,5,5,1000,0,0,0,0,0,0,"Warrior",0,99,0,0,0,0
"99 Rogue Hand Item",0,100000,10000,-12,5,3,500,500,4,4,1,0,0,"Rogue",0,99,0,0,0,0
"99 Mage Hand Item",0,100000,10000,-11,0,0,200,1000,1,4,6,0,0,"Mage",0,99,0,0,0,0
"99 Poet Hand Item",0,0,10000,-11,3,3,500,500,3,3,3,0,0,"Poet",0,99,0,0,0,0
"Forged broadsword",0,100000,100000,0,0,2,800,0,0,0,0,0,0,"Warrior",0,70,0,0,135,160
"Blessed staff",0,100000,100000,-1,2,2,375,375,0,0,2,0,0,"Poet",0,70,0,0,110,120
"Nimble broadsword",0,100000,100000,0,5,2,450,250,0,0,0,0,0,"Rogue",0,70,0,0,110,135
"99 Rogue Armor",0,0,10000,-41,4,2,1200,900,4,6,2,0,0,"Peasant",0,99,0,0,0,0
"99 War Armor",0,0,10000,-42,3,2,2500,0,10,5,0,0,0,"Warrior",0,99,0,0,0,0
"99 Mage Armor",0,0,10000,-39,0,0,500,1800,0,0,20,0,0,"Mage",0,99,0,0,0,0
"99 Poet armor",0,0,10000,-40,3,0,1000,1000,0,4,9,0,0,"Poet",0,99,0,0,0,0
"Immortal's Monster Ward",0,0,10000,0,0,0,0,0,0,0,0,0,0,"Peasant",0,0,0,0,0,0
"Leather whip",0,4000,10000,0,0,2,0,0,0,0,0,0,0,"Poet",0,25,0,0,30,60
"Steel cutlass",0,4000,10000,0,0,2,0,0,0,0,0,0,0,"Warrior",0,25,0,0,35,55
"Forged sabre",0,8000,10000,0,5,2,150,0,0,0,0,0,0,"Warrior",0,35,0,0,58,88
"Thornblade",0,25000,100000,0,0,2,500,0,0,0,0,0,0,"Warrior",0,50,0,0,110,135
"Tempered crystal blade",0,4000,10000,0,3,2,0,0,0,0,0,0,0,"Rogue",0,25,0,0,30,60
"Molten scimitar",0,8000,10000,0,0,2,0,0,0,0,0,0,0,"Rogue",0,35,0,0,45,70
"Midnight tempest",0,25000,100000,0,5,2,250,125,0,0,0,0,0,"Rogue",0,50,0,0,87,109
"Bloodfang",0,8000,100000,0,0,2,0,0,0,0,0,0,0,"Poet",0,35,0,0,45,70
"Barksplitter",0,25000,100000,0,0,2,200,200,0,0,0,0,0,"Poet",0,50,0,0,90,110
"Jade wand",0,4000,100000,0,0,0,0,280,0,0,3,0,0,"Mage",0,25,0,0,30,60
"Emberstone wand",0,8000,100000,0,0,0,0,375,0,0,4,0,0,"Mage",0,35,0,0,45,70
"Crystal-tipped wand",0,25000,100000,0,0,0,0,500,0,0,4,0,0,"Mage",0,50,0,0,70,70
"Heavy gauntlet",0,25000,100000,-9,3,3,500,0,0,0,0,0,0,"Warrior",0,50,0,0,0,0
"Steel tower shield",0,40000,200000,-5,0,0,500,0,0,0,0,0,0,"Warrior",0,50,0,0,0,0
"Blessed band",0,25000,100000,-7,0,0,200,300,0,0,0,0,0,"Poet",0,50,0,0,0,0
"Balanced knife",0,25000,100000,-7,0,3,250,250,0,0,0,0,0,"Rogue",0,50,0,0,0,0
"Occult bracelet",0,25000,100000,-5,0,0,0,500,0,0,0,0,0,"Mage",0,50,0,0,0,0
"Leather buckler",0,40000,100000,-5,0,0,250,250,0,0,0,0,0,"Rogue",0,50,0,0,0,0
"Power ward",0,40000,100000,-1,0,0,0,500,0,0,1,0,0,"Mage",0,50,0,0,0,0
"Vitality orb",0,20000,100000,-4,0,0,125,500,0,0,0,0,0,"Poet",0,50,0,0,0,0
"Power Bat of Bashing",0,0,10000,-1,20,10,2000,500,20,0,0,0,0,"Peasant",0,0,0,0,500,1000
"Gio's Big Blue Thang",0,0,1000000000,-100,30,30,2000000000,2000000000,150,150,150,0,0,"Peasant",0,0,0,100,600000000,900000000
"Midnight Ghalleb Blade",0,0,100000,0,0,5,1000,500,0,0,0,0,0,"Peasant",0,0,0,0,125,150
"Holy bangle",0,50000,100000,-8,1,1,250,350,0,1,1,0,0,"Poet",0,70,0,0,0,0
"Cursed bangle",0,50000,100000,-7,0,0,100,600,0,1,2,0,0,"Mage",0,70,0,0,0,0
"Pristine gauntlet",0,50000,100000,-10,4,4,750,0,1,0,0,0,0,"Warrior",0,70,0,0,0,0
"Silver-clad bracer",0,50000,100000,-9,1,3,325,325,1,2,0,0,0,"Rogue",0,70,0,0,0,0
"Pickaxe",0,250,500,0,0,0,0,0,0,0,0,0,0,"Peasant",0,0,0,0,1,1
"Iron pickaxe",0,4000,1200,0,0,0,0,0,0,0,0,0,0,"Peasant",0,0,0,0,1,1
"Dark platemail",0,50000,100000,-36,0,2,1750,0,8,4,0,0,0,"Warrior",0,80,0,0,0,0
"Gold pickaxe",0,16000,6000,0,0,0,0,0,0,0,0,0,0,"Peasant",0,0,0,0,1,1
"Dark robes",0,50000,100000,-34,2,0,700,700,0,3,4,0,0,"Poet",0,80,0,0,0,0
"Molten pickaxe",0,125000,15000,0,0,0,0,0,0,0,0,0,0,"Peasant",0,0,0,0,1,1
"Steel pickaxe",0,25000,4000,0,0,0,0,0,0,0,0,0,0,"Peasant",0,0,0,0,1,1
"Enchanted pickaxe",0,250000,10000,0,0,0,0,0,0,0,0,0,0,"Peasant",0,0,0,0,1,1
"Dark vestments",0,50000,100000,-33,0,0,375,1300,0,0,9,0,0,"Mage",0,80,0,0,0,0
"Axe",0,250,500,0,0,0,0,0,0,0,0,0,0,"Peasant",0,0,0,0,1,1
"Iron axe",0,4000,1000,0,0,0,0,0,0,0,0,0,0,"Peasant",0,0,0,0,1,1
"Steel axe",0,25000,3000,0,0,0,0,0,0,0,0,0,0,"Peasant",0,0,0,0,1,1
"Gold axe",0,0,6000,0,0,0,0,0,0,0,0,0,0,"Peasant",0,0,0,0,1,1
"Dark cuirass",0,50000,100000,-34,2,2,900,600,2,3,0,0,0,"Rogue",0,80,0,0,0,0
"Hate blade",0,200000,100000,0,5,3,600,300,0,0,0,0,0,"Rogue",0,80,0,0,140,165
"Hate broadsword",0,200000,250000,0,2,3,1200,0,1,0,0,0,0,"Warrior",0,80,0,0,165,190
"Battleworn trident",0,0,10000,0,0,0,0,0,0,0,0,0,0,"Peasant",0,0,0,0,0,1
"Ji staff",0,200000,100000,0,0,0,0,1000,0,0,10,0,0,"Mage",0,80,0,0,90,90
"Hate staff",0,200000,100000,-1,2,2,500,500,0,0,2,0,0,"Poet",0,80,0,0,140,160
"Spiked club",0,50000,250000,0,0,2,750,0,0,0,0,0,0,"Warrior",0,75,0,0,120,145
"Heavy spiked club",0,500000,250000,0,3,3,1750,0,2,0,0,0,0,"Warrior",0,90,0,0,205,235
"Diamond blade",0,100000,1000000,0,2,3,950,0,1,0,0,0,0,"Warrior",0,85,0,0,150,175
"Blood-soaked knife",0,50000,100000,0,5,2,375,200,0,0,0,0,0,"Rogue",0,75,0,0,95,120
"Heart of the wild",0,50000,100000,-1,2,2,300,300,0,0,2,0,0,"Poet",0,75,0,0,100,120
"Molten staff",0,100000,100000,-1,2,2,425,425,0,0,2,0,0,"Poet",0,85,0,0,130,150
"Reinforced buckler",0,100000,100000,-6,1,0,375,375,0,0,0,0,0,"Rogue",0,80,0,0,0,0
"Yin staff",0,50000,100000,0,0,0,0,675,0,0,6,0,0,"Mage",0,75,0,0,70,70
"Cursed battlestaff",0,100000,100000,0,0,0,0,875,0,0,9,0,0,"Mage",0,85,0,0,90,90
"Heavy scimitar",0,100000,100000,0,5,5,500,250,0,0,0,0,0,"Rogue",0,85,0,0,125,150
"Icy katana",0,500000,100000,0,5,5,750,400,0,0,0,0,0,"Rogue",0,90,0,0,175,200
"Frozen orb staff",0,500000,100000,0,0,0,0,1500,0,0,13,0,0,"Mage",0,90,0,0,100,100
"Elemental crown",0,50000,100000,-6,0,0,0,0,0,0,0,0,0,"Peasant",0,75,0,0,0,0
"Blight defender",0,0,10000,0,0,0,0,0,0,0,0,0,0,"Peasant",0,0,0,0,0,0
"Holy defender",0,0,100000,-5,0,0,0,1000,0,0,0,0,0,"Mage",0,99,0,0,0,0
"Crusader's blade",0,1000000,250000,0,5,5,2200,0,3,1,0,0,0,"Warrior",0,99,0,0,260,290
"Guardian scepter",0,0,10000,0,5,5,850,850,0,3,3,0,0,"Poet",0,99,0,0,190,210
"Crusader's pavise",0,250000,250000,-7,0,0,1000,0,0,0,0,0,0,"Warrior",0,99,0,0,0,0
"Crusader's mail",0,500000,250000,-41,3,2,2500,0,10,5,0,0,0,"Warrior",0,99,0,0,0,0
"Crusader's helm",0,250000,250000,-10,0,0,1000,0,0,0,0,0,0,"Warrior",0,99,0,0,0,0
"Crusader's gauntlet",0,250000,250000,-11,5,5,1000,0,0,0,0,0,0,"Warrior",0,99,0,0,0,0
"Exquisite crusader's blade",0,1250000,250000,0,5,5,2200,0,3,1,0,0,0,"Warrior",0,99,0,0,295,320
"Exquisite crusader's mail",0,750000,250000,-42,3,3,3100,0,12,5,0,0,0,"Warrior",0,99,0,0,0,0
"Exquisite crusader's pavise",0,375000,250000,-7,1,1,1250,0,2,0,0,0,0,"Warrior",0,99,0,0,0,0
"Exquisite crusader's helm",0,375000,250000,-11,0,0,1250,0,0,0,0,0,0,"Warrior",0,99,0,0,0,0
"Exquisite crusader's gauntlet",0,300000,250000,-11,5,6,1500,0,2,0,0,0,0,"Warrior",0,99,0,0,0,0
"Assassin's band",0,250000,250000,-9,3,3,500,500,2,2,0,0,0,"Rogue",0,99,0,0,0,0
"Fine assassin's band",0,300000,250000,-10,5,5,750,500,3,3,0,0,0,"Rogue",0,99,0,0,0,0
"Assassin's guise",0,250000,250000,-9,0,1,400,400,0,0,0,0,0,"Rogue",0,99,0,0,0,0
"Assassin's blade",0,1000000,250000,0,6,6,900,600,1,5,0,0,0,"Rogue",0,99,0,0,210,235
"Fine assassin's blade",0,1250000,250000,0,7,7,1250,750,1,6,0,0,0,"Rogue",0,99,0,0,245,270
"Assassin's shroud",0,500000,250000,-40,5,3,1750,1250,5,6,2,0,0,"Rogue",0,99,0,0,0,0
"Fine assassin's shroud",0,750000,250000,-41,5,5,2000,1500,5,6,2,0,0,"Rogue",0,99,0,0,0,0
"Assassin's guard",0,250000,250000,-7,1,0,500,500,0,0,0,0,0,"Rogue",0,99,0,0,0,0
"Fine assassin's guard",0,375000,250000,-8,1,1,750,600,0,0,0,0,0,"Rogue",0,99,0,0,0,0
"Fine assassin's guise",0,375000,250000,-10,0,1,600,600,0,0,0,0,0,"Rogue",0,99,0,0,0,0
"Kite shield",0,100000,100000,-6,0,1,750,0,0,0,0,0,0,"Warrior",0,80,0,0,0,0
"Mystical ward",0,100000,100000,-3,0,0,150,900,0,0,4,0,0,"Mage",0,80,0,0,0,0
"Nature's blessing",0,100000,100000,-5,0,0,250,750,0,0,0,0,0,"Poet",0,80,0,0,0,0
"Arcane staff",0,1000000,250000,0,0,0,0,2100,0,0,15,0,0,"Mage",0,99,0,0,150,150
"Enchanted arcane staff",0,1250000,250000,0,0,0,0,2850,0,0,17,0,0,"Mage",0,99,0,0,150,150
"Arcane shield",0,250000,250000,-4,0,0,250,1250,0,0,5,0,0,"Mage",0,99,0,0,0,0
"Arcane helm",0,250000,250000,-9,0,0,0,1000,0,0,0,0,0,"Mage",0,99,0,0,0,0
"Enchanted arcane helm",0,375000,250000,-10,0,0,0,1250,0,0,0,0,0,"Mage",0,99,0,0,0,0
"Arcane band",0,250000,250000,-10,0,0,200,1000,0,4,6,0,0,"Mage",0,99,0,0,0,0
"Enchanted arcane shield",0,375000,250000,-5,0,0,375,1500,0,0,6,0,0,"Mage",0,99,0,0,0,0
"Enchanted arcane band",0,300000,250000,-11,0,0,250,1250,0,4,7,0,0,"Mage",0,99,0,0,0,0
"Arcane vestments",0,500000,250000,-38,0,0,500,1800,0,0,12,0,0,"Mage",0,99,0,0,0,0
"Enchanted arcane vestments",0,750000,250000,-39,0,0,1000,2000,0,0,15,0,0,"Mage",0,99,0,0,0,0
"Angelic wrap",0,250000,250000,-9,3,1,400,500,0,2,2,0,0,"Poet",0,99,0,0,0,0
"Angelic robes",0,500000,250000,-39,4,0,1000,1000,0,4,4,0,0,"Poet",0,99,0,0,0,0
"Angelic cap",0,250000,250000,-10,1,0,300,600,0,0,0,0,0,"Poet",0,99,0,0,0,0
"Angelic defender",0,250000,250000,-6,0,0,375,900,0,0,0,0,0,"Poet",0,99,0,0,0,0
"Angelic staff",0,1000000,250000,0,5,5,850,850,0,3,3,0,0,"Poet",0,99,0,0,190,210
"Divine defender",0,375000,250000,-7,0,0,500,1000,0,0,0,0,0,"Poet",0,99,0,0,0,0
"Divine staff",0,1250000,250000,0,6,6,1000,1000,0,4,4,0,0,"Poet",0,99,0,0,230,250
"Divine cap",0,375000,250000,-11,0,0,400,750,0,0,0,0,0,"Poet",0,99,0,0,0,0
"Divine robes",0,750000,250000,-40,4,0,1500,1500,0,4,4,0,0,"Poet",0,99,0,0,0,0
"Divine wrap",0,300000,250000,-10,3,3,600,600,0,3,3,0,0,"Poet",0,99,0,0,0,0
"Sunrise blade",0,75000,100000,0,5,2,300,200,0,0,0,0,0,"Rogue",0,60,0,0,90,120
"Light broadsword",0,75000,100000,0,2,2,750,0,1,0,0,0,0,"Warrior",0,60,0,0,120,145
"White tiger claw",0,75000,100000,0,2,2,325,325,0,2,2,0,0,"Poet",0,60,0,0,100,120
"Walking stick",0,75000,10000,0,0,0,0,625,0,0,6,0,0,"Mage",0,60,0,0,70,70
"Bandit's tunic",0,0,10000,0,0,0,0,0,0,0,0,0,0,"Peasant",0,99,0,0,0,0
"Dimensional blade",0,1000000,250000,0,5,2,700,700,1,1,1,0,0,"Peasant",0,75,0,0,140,240
"Soul collector",0,500000,100000,-1,3,2,400,300,0,0,0,0,0,"Peasant",0,30,0,0,90,120
"Lucky amulet",0,250000,100000,-1,4,4,2000,500,0,0,0,0,0,"Peasant",0,99,0,0,0,0
"Enchanted amulet",0,250000,100000,-1,1,1,1000,2000,3,3,3,0,0,"Peasant",0,99,0,1,0,0
"Alpha rogue master",0,10000,1000000,0,0,0,0,0,0,0,0,0,0,"Peasant",0,0,0,0,0,0
"Alpha poet",0,0,1000000,0,0,0,0,0,0,0,0,0,0,"Peasant",0,0,0,0,0,0
"Alpha warrior",0,0,1000000,0,0,0,0,0,0,0,0,0,0,"Peasant",0,0,0,0,0,0
"Alpha warrior master",0,10000,1000000,0,0,0,0,0,0,0,0,0,0,"Peasant",0,0,0,0,0,0
"Mithril pickaxe",0,50000,15000,0,0,0,0,0,0,0,0,0,0,"Peasant",0,0,0,0,1,1
"Shears",0,500,10000,0,0,0,0,0,0,0,0,0,0,"Peasant",0,0,0,0,1,1
"Death's grasp",0,30000,100000,-5,2,2,250,250,0,2,2,0,0,"Peasant",0,40,0,1,0,0
"Frozen staff",0,500000,100000,0,3,3,725,725,0,2,2,0,0,"Poet",0,90,0,0,160,180
"BabyMana",0,0,10000,0,0,0,0,3000,0,0,0,0,0,"Peasant",0,0,0,0,0,0
"Torn scroll",0,150000,100000,-7,0,0,400,650,0,0,3,0,0,"Peasant",0,60,0,0,0,0
"Tarnished bracer",0,150000,100000,-8,1,1,825,400,1,1,0,0,0,"Peasant",0,60,0,0,0,0
"Cursed skull",0,200000,100000,-8,0,0,600,800,0,0,4,0,0,"Peasant",0,85,0,0,0,0
"Mystical skull",0,400000,100000,-9,0,0,950,950,0,0,5,0,0,"Peasant",0,99,0,0,0,0
"Obsidian gauntlet",0,250000,100000,-9,1,1,975,500,2,1,0,0,0,"Peasant",0,85,0,0,0,0
"Mithril axe",0,50000,7000,0,0,0,0,0,0,0,0,0,0,"Peasant",0,0,0,0,1,1
"Ghostly gauntlet",0,400000,100000,-10,5,5,1250,600,3,3,0,0,0,"Peasant",0,99,0,0,0,0
"Skull cracker",0,0,1000000,0,0,0,0,0,0,0,0,0,0,"Peasant",0,0,0,0,1,1
"Demonmail",0,1000,100000,0,0,0,0,0,0,0,0,0,0,"Peasant",0,0,0,0,0,0
"Spirit blade",75,2000000,750000,0,6,6,3500,1000,5,2,1,0,0,"Warrior",0,99,0,0,360,395
"Spirit scythe",0,2000000,750000,0,7,7,2500,1500,0,7,1,0,0,"Rogue",0,99,0,0,285,320
"Spirit staff",0,2000000,750000,0,5,5,1000,3250,5,5,15,0,0,"Mage",0,99,0,0,245,285
"Spirit naginata",0,2000000,750000,0,7,7,2000,2000,0,5,5,0,0,"Poet",0,99,0,0,305,335
"Risque trunks",0,0,10000,0,0,0,0,0,0,0,0,0,0,"Peasant",0,0,0,0,0,0
"Guri uniform",0,50000,100000,0,0,0,0,0,0,0,0,0,0,"Peasant",0,0,0,0,0,0
"Guri spear",0,50000,100000,0,0,0,0,0,0,0,0,0,0,"Peasant",0,0,0,0,0,1
"Test bow",0,5,10000,0,0,0,0,0,0,0,0,0,0,"Peasant",0,0,0,0,1,4
"Rob's head",0,100,100000,0,0,0,0,0,0,0,0,0,0,"Peasant",0,0,0,0,1,2
"Elixir bow",0,10,10000,0,100,0,0,0,0,0,0,0,0,"Peasant",0,0,0,0,0,1
"Aquatic shako",0,1500000,200000,-11,2,0,3000,3000,2,2,2,0,0,"Peasant",0,99,0,0,0,0
"Bathing suit",0,10000,100000,0,0,0,0,0,0,0,0,0,0,"Peasant",0,0,0,0,0,0
"Sea jewel",0,500000,250000,-11,0,0,2500,2500,7,7,7,0,0,"Peasant",0,99,0,0,0,0
"Jinhae robes",0,0,100000,0,0,0,0,0,0,0,0,0,0,"Peasant",0,0,0,0,0,0
"Landscaper's Garb",0,0,10000,-100,200,200,1000000,1000000,200,200,200,0,0,"Peasant",0,99,0,0,0,0
"Fancy tux",0,10000,10000,0,0,0,0,0,0,0,0,0,0,"Peasant",0,0,0,0,0,0
"Fox tail",0,10000,1000000,0,0,0,0,0,0,0,0,0,0,"Peasant",0,0,0,0,0,0
"Blue butterfly wings",0,100,100000,0,0,0,0,0,0,0,0,0,0,"Peasant",0,0,0,0,0,0
"Pink backpack",0,100,100000,0,0,0,0,0,0,0,0,0,0,"Peasant",0,0,0,0,0,0
"Black wings",0,100,100000,0,0,0,0,0,0,0,0,0,0,"Peasant",0,0,0,0,0,0
"Winter garb",0,100,100000,0,0,0,0,0,0,0,0,0,0,"Peasant",0,0,0,0,0,0
"Winter coat",0,100,100000,0,0,0,0,0,0,0,0,0,0,"Peasant",0,0,0,0,0,0
"Outlaw wraps",0,100,100000,0,0,0,0,0,0,0,0,0,0,"Peasant",0,0,0,0,0,0
"Outlaw skirt",0,100,100000,0,0,0,0,0,0,0,0,0,0,"Peasant",0,0,0,0,0,0
"Black skirt",0,100,100000,0,0,0,0,0,0,0,0,0,0,"Peasant",0,0,0,0,0,0
"Gold tipped black cape",0,100,100000,0,0,0,0,0,0,0,0,0,0,"Peasant",0,0,0,0,0,0
"Ghost suit",0,100,100000,0,0,0,0,0,0,0,0,0,0,"Peasant",0,0,0,0,0,0
"Ghost skirt",0,100,100000,0,0,0,0,0,0,0,0,0,0,"Peasant",0,0,0,0,0,0
"Starry cape",0,100,100000,0,0,0,0,0,0,0,0,0,0,"Peasant",0,0,0,0,0,0
"Paintball Gun",0,0,10000,0,1000,0,0,0,0,0,0,0,0,"Peasant",0,0,0,0,0,1
"Red winter parka",0,100,100000,0,0,0,0,0,0,0,0,0,0,"Peasant",0,0,0,0,0,0
"Blue ski coat",0,100,100000,0,0,0,0,0,0,0,0,0,0,"Peasant",0,0,0,0,0,0
"Fresh to death",0,100,100000,0,0,0,0,0,0,0,0,0,0,"Peasant",0,0,0,0,0,0
"Blue guard uniform",0,100,100000,0,0,0,0,0,0,0,0,0,0,"Peasant",0,0,0,0,0,0
"Ice cream",0,100,100000,0,0,0,0,0,0,0,0,0,0,"Peasant",0,0,0,0,0,1
"Fancy gown",0,0,100000,0,0,0,0,0,0,0,0,0,0,"Peasant",0,0,0,0,0,0
"Wizards robe",0,0,100000,0,0,0,0,0,0,0,0,0,0,"Peasant",0,0,0,0,0,0
"Witches gown",0,0,100000,0,0,0,0,0,0,0,0,0,0,"Peasant",0,0,0,0,0,0
"Heart headband",0,0,100000,0,0,0,0,0,0,0,0,0,0,"Peasant",0,0,0,0,0,0
"Sunflower hat",0,0,100000,0,0,0,0,0,0,0,0,0,0,"Peasant",0,0,0,0,0,0
"Pink flower hat",0,0,100000,0,0,0,0,0,0,0,0,0,0,"Peasant",0,0,0,0,0,0
"Test facc",0,0,10000,0,0,0,0,0,0,0,0,0,0,"Peasant",0,0,0,0,0,0
"Long purple hair",0,0,100000,0,0,0,0,0,0,0,0,0,0,"Peasant",0,0,0,0,0,0
"Starry gown",0,0,100000,0,0,0,0,0,0,0,0,0,0,"Peasant",0,0,0,0,0,0
"Medium purple hair",0,0,100000,0,0,0,0,0,0,0,0,0,0,"Peasant",0,0,0,0,0,0
"Hot shot",0,0,100000,0,0,0,0,0,0,0,0,0,0,"Peasant",0,0,0,0,0,1
"Pink ball gown",0,0,100000,0,0,0,0,0,0,0,0,0,0,"Peasant",0,0,0,0,0,0
"Transfusion",0,0,100000,0,0,0,0,0,0,0,0,0,0,"Peasant",0,0,0,0,0,1
"Pink feather fan",0,0,100000,0,0,0,0,0,0,0,0,0,0,"Peasant",0,0,0,0,0,1
"Pink school uniform",0,0,100000,0,0,0,0,0,0,0,0,0,0,"Peasant",0,0,0,0,0,0
"Purple school uniform",0,0,100000,0,0,0,0,0,0,0,0,0,0,"Peasant",0,0,0,0,0,0
"Blue fancy dress",0,0,100000,0,0,0,0,0,0,0,0,0,0,"Peasant",0,0,0,0,0,0
"Blue starry hat",0,0,100000,0,0,0,0,0,0,0,0,0,0,"Peasant",0,0,0,0,0,0
"Cognac",0,0,100000,0,0,0,0,0,0,0,0,0,0,"Peasant",0,0,0,0,0,1
"Black Trenchcoat",0,50000,10000,0,0,0,0,0,0,0,0,0,0,"Peasant",0,0,0,0,0,0
"Trundel uniform",0,50000,100000,0,0,0,0,0,0,0,0,0,0,"Peasant",0,0,0,0,0,0
"Witches hat",0,0,100000,0,0,0,0,0,0,0,0,0,0,"Peasant",0,0,0,0,0,0
"Debonair coat",0,0,100000,0,0,0,0,0,0,0,0,0,0,"Peasant",0,0,0,0,0,0
"Debonair dress",0,0,100000,0,0,0,0,0,0,0,0,0,0,"Peasant",0,0,0,0,0,0
"Black paintball garb",0,0,100000,0,0,0,0,0,0,0,0,0,0,"Peasant",0,0,0,0,0,0
"Black paintball dress",0,0,100000,0,0,0,0,0,0,0,0,0,0,"Peasant",0,0,0,0,0,0
"White paintball garb",0,0,100000,0,0,0,0,0,0,0,0,0,0,"Peasant",0,0,0,0,0,0
"White paintball dress",0,0,100000,0,0,0,0,0,0,0,0,0,0,"Peasant",0,0,0,0,0,0
"Purple hair red bow",0,0,100000,0,0,0,0,0,0,0,0,0,0,"Peasant",0,0,0,0,0,0
"Debonair hat",0,0,100000,0,0,0,0,0,0,0,0,0,0,"Peasant",0,0,0,0,0,0
"Gold debonair hat",0,0,100000,0,0,0,0,0,0,0,0,0,0,"Peasant",0,0,0,0,0,0
"Forest garb",0,0,100000,0,0,0,0,0,0,0,0,0,0,"Peasant",0,0,0,0,0,0
"Forest dress",0,0,100000,0,0,0,0,0,0,0,0,0,0,"Peasant",0,0,0,0,0,0
"Mountain garb",0,0,100000,0,0,0,0,0,0,0,0,0,0,"Peasant",0,0,0,0,0,0
"White cape",0,100,100000,0,0,0,0,0,0,0,0,0,0,"Peasant",0,0,0,0,0,0
"Mountain dress",0,0,100000,0,0,0,0,0,0,0,0,0,0,"Peasant",0,0,0,0,0,0
"Crafting garb",0,0,100000,0,0,0,0,0,0,0,0,0,0,"Peasant",0,0,0,0,0,0
"Crafting dress",0,0,100000,0,0,0,0,0,0,0,0,0,0,"Peasant",0,0,0,0,0,0
"Debonair suit",0,0,100000,0,0,0,0,0,0,0,0,0,0,"Peasant",0,0,0,0,0,0
"Tan beanie",0,0,100000,0,0,0,0,0,0,0,0,0,0,"Peasant",0,0,0,0,0,0
"Black winter hat",0,0,100000,0,0,0,0,0,0,0,0,0,0,"Peasant",0,0,0,0,0,0
"Wisdom robe 1",0,0,100000,0,0,0,0,0,0,0,0,0,0,"Peasant",0,0,0,0,0,0
"Wisdom gown 1",0,0,100000,0,0,0,0,0,0,0,0,0,0,"Peasant",0,0,0,0,0,0
"Wisdom robe 2",0,0,100000,0,0,0,0,0,0,0,0,0,0,"Peasant",0,0,0,0,0,0
"Wisdom gown 2",0,0,100000,0,0,0,0,0,0,0,0,0,0,"Peasant",0,0,0,0,0,0
"Wisdom robe 3",0,0,100000,0,0,0,0,0,0,0,0,0,0,"Peasant",0,0,0,0,0,0
"Wisdom gown 3",0,0,100000,0,0,0,0,0,0,0,0,0,0,"Peasant",0,0,0,0,0,0
"Blue visor",0,0,100000,0,0,0,0,0,0,0,0,0,0,"Peasant",0,0,0,0,0,0
"Wisdom robe 4",0,0,100000,0,0,0,0,0,0,0,0,0,0,"Peasant",0,0,0,0,0,0
"Wisdom gown 4",0,0,100000,0,0,0,0,0,0,0,0,0,0,"Peasant",0,0,0,0,0,0
"Red bow",0,0,100000,0,0,0,0,0,0,0,0,0,0,"Peasant",0,0,0,0,0,0
"Doctors coat",0,0,100000,0,0,0,0,0,0,0,0,0,0,"Peasant",0,0,0,0,0,0
"Female doctor coat",0,0,100000,0,0,0,0,0,0,0,0,0,0,"Peasant",0,0,0,0,0,0
"Cat ears",0,0,100000,0,0,0,0,0,0,0,0,0,0,"Peasant",0,0,0,0,0,0
"Pink flower cape",0,100,100000,0,0,0,0,0,0,0,0,0,0,"Peasant",0,0,0,0,0,0
"Baby got back",0,0,100000,0,0,0,0,0,0,0,0,0,0,"Peasant",0,0,0,0,0,0
"Glamour hair",0,0,100000,0,0,0,0,0,0,0,0,0,0,"Peasant",0,0,0,0,0,0
"Glamor hair",0,0,100000,0,0,0,0,0,0,0,0,0,0,"Peasant",0,0,0,0,0,0
"Moomoo",0,0,100000,0,0,0,0,0,0,0,0,0,0,"Peasant",0,0,0,0,0,0
"Moomoo hat",0,0,100000,0,0,0,0,0,0,0,0,0,0,"Peasant",0,0,0,0,0,0
"Pink flowery hair",0,0,100000,0,0,0,0,0,0,0,0,0,0,"Peasant",0,0,0,0,0,0
"Ladies fubu",0,0,100000,0,0,0,0,0,0,0,0,0,0,"Peasant",0,0,0,0,0,0
"Fancy black skirt",0,0,100000,0,0,0,0,0,0,0,0,0,0,"Peasant",0,0,0,0,0,0
"Black angel wings",0,0,100000,0,0,0,0,0,0,0,0,0,0,"Peasant",0,0,0,0,0,0
"White angel wings",0,0,100000,0,0,0,0,0,0,0,0,0,0,"Peasant",0,0,0,0,0,0
"Jinhae robe",0,0,100000,0,0,0,0,0,0,0,0,0,0,"Peasant",0,0,0,0,0,0
"Jinhae gown",0,0,100000,0,0,0,0,0,0,0,0,0,0,"Peasant",0,0,0,0,0,0
"Green mage robe",0,0,100000,0,0,0,0,0,0,0,0,0,0,"Peasant",0,0,0,0,0,0
"Blue mage robe",0,0,100000,0,0,0,0,0,0,0,0,0,0,"Peasant",0,0,0,0,0,0
"Wisdom gown 2 moon",0,0,100000,0,0,0,0,0,0,0,0,0,0,"Peasant",0,0,0,0,0,0
"Battle dress",0,0,100000,0,0,0,0,0,0,0,0,0,0,"Peasant",0,0,0,0,0,0
"Sun mage robe",0,0,100000,0,0,0,0,0,0,0,0,0,0,"Peasant",0,0,0,0,0,0
"Sun mage skirt",0,0,100000,0,0,0,0,0,0,0,0,0,0,"Peasant",0,0,0,0,0,0
"Racing hat",0,0,100000,0,0,0,0,0,0,0,0,0,0,"Peasant",0,0,0,0,0,0
"Sun poet drapery",0,0,100000,0,0,0,0,0,0,0,0,0,0,"Peasant",0,0,0,0,0,0
"Sun rogue armor",0,0,100000,0,0,0,0,0,0,0,0,0,0,"Peasant",0,0,0,0,0,0
"Sun armor dress",0,0,100000,0,0,0,0,0,0,0,0,0,0,"Peasant",0,0,0,0,0,0
"Purple hair 1",0,0,100000,0,0,0,0,0,0,0,0,0,0,"Peasant",0,0,0,0,0,0
"Brown hair 1",0,0,100000,0,0,0,0,0,0,0,0,0,0,"Peasant",0,0,0,0,0,0
"Blonde hair 1",0,0,100000,0,0,0,0,0,0,0,0,0,0,"Peasant",0,0,0,0,0,0
"Fancy hair brown",0,0,100000,0,0,0,0,0,0,0,0,0,0,"Peasant",0,0,0,0,0,0
"Fancy hair purple",0,0,100000,0,0,0,0,0,0,0,0,0,0,"Peasant",0,0,0,0,0,0
"Sun poet mantle",0,0,100000,0,0,0,0,0,0,0,0,0,0,"Peasant",0,0,0,0,0,0
"Sun war platemail",0,0,100000,0,0,0,0,0,0,0,0,0,0,"Peasant",0,0,0,0,0,0
"Stelioleaf",0,0,10000,-80,0,0,800000,600000,0,0,0,0,0,"Peasant",0,0,0,0,25000,70000
"Violet battle dress",0,0,100000,0,0,0,0,0,0,0,0,0,0,"Peasant",0,0,0,0,0,0
"Blue battle dress",0,0,100000,0,0,0,0,0,0,0,0,0,0,"Peasant",0,0,0,0,0,0
"Mens fubu",0,0,100000,0,0,0,0,0,0,0,0,0,0,"Peasant",0,0,0,0,0,0
"Demon cloak",0,0,100000,0,0,0,0,0,0,0,0,0,0,"Peasant",0,0,0,0,0,0
"Death's face",0,0,100000,0,0,0,0,0,0,0,0,0,0,"Peasant",0,0,0,0,0,0
"Weezy fubu",0,0,100000,0,0,0,0,0,0,0,0,0,0,"Peasant",0,0,0,0,0,0
"Test pb",0,0,10000,0,0,0,0,0,0,0,0,0,0,"Peasant",0,0,0,0,0,1
"Jack-o-lantern",0,0,100000,0,0,0,0,0,0,0,0,0,0,"Peasant",0,0,0,0,0,0
"Skeleton costume",0,0,100000,0,0,0,0,0,0,0,0,0,0,"Peasant",0,0,0,0,0,0
"Lantern",0,0,100000,0,0,0,0,0,0,0,0,0,0,"Peasant",0,0,0,0,0,0
"Forest amulet",0,125000,100000,-1,1,1,1000,1000,1,1,1,0,0,"Peasant",0,90,0,1,0,0
"Cheater's hat",0,0,100000,0,0,0,0,0,0,0,0,0,0,"Peasant",0,0,0,0,0,0
"Haunted ring",0,75,150000,-9,0,0,2000,2000,5,5,5,0,0,"Peasant",0,99,0,0,0,0
"Skeletal plate",0,50,100000,0,0,0,0,0,0,0,0,0,0,"Peasant",0,0,0,0,0,0
"Trundel trident",0,50000,100000,0,0,0,0,0,0,0,0,0,0,"Peasant",0,0,0,0,0,1
"Pink hair flower",0,0,100000,0,0,0,0,0,0,0,0,0,0,"Peasant",0,0,0,0,0,0
"Black hair flower",0,0,100000,0,0,0,0,0,0,0,0,0,0,"Peasant",0,0,0,0,0,0
"White hair flower",0,0,100000,0,0,0,0,0,0,0,0,0,0,"Peasant",0,0,0,0,0,0
"Brown hair teal bow",0,0,100000,0,0,0,0,0,0,0,0,0,0,"Peasant",0,0,0,0,0,0
"Headphones",0,0,100000,0,0,0,0,0,0,0,0,0,0,"Peasant",0,0,0,0,0,0
"Aqua headphones",0,0,100000,0,0,0,0,0,0,0,0,0,0,"Peasant",0,0,0,0,0,0
"Indigo headphones",0,0,100000,0,0,0,0,0,0,0,0,0,0,"Peasant",0,0,0,0,0,0
"Hipster hat",0,0,100000,0,0,0,0,0,0,0,0,0,0,"Peasant",0,0,0,0,0,0
"Girl hipster hat",0,0,100000,0,0,0,0,0,0,0,0,0,0,"Peasant",0,0,0,0,0,0
"Bunny earmuffs",0,0,100000,0,0,0,0,0,0,0,0,0,0,"Peasant",0,0,0,0,0,0
"White bunny earmuffs",0,0,100000,0,0,0,0,0,0,0,0,0,0,"Peasant",0,0,0,0,0,0
"Dojo robe",0,0,100000,0,0,0,0,0,0,0,0,0,0,"Peasant",0,0,0,0,0,0
"Kimono dress",0,100,100000,0,0,0,0,0,0,0,0,0,0,"Peasant",0,0,0,0,0,0
"Fancy kimono dress",0,100,100000,0,0,0,0,0,0,0,0,0,0,"Peasant",0,0,0,0,0,0
"Black mesh robe",0,100,100000,0,0,0,0,0,0,0,0,0,0,"Peasant",0,0,0,0,0,0
"Testing face",0,0,10000,0,0,0,0,0,0,0,0,0,0,"Peasant",0,0,0,0,0,0
"Mesh robe",0,100,100000,0,0,0,0,0,0,0,0,0,0,"Peasant",0,0,0,0,0,0
"Ancient bangle",0,250000,100000,-11,5,5,750,750,3,3,3,0,0,"Peasant",0,0,0,0,0,0
"Mayoral gown",0,0,100000,0,0,0,0,0,0,0,0,0,0,"Peasant",0,0,0,0,0,0
"Halo hair",0,0,100000,0,0,0,0,0,0,0,0,0,0,"Peasant",0,0,0,0,0,0
"Blue halo hair",0,0,100000,0,0,0,0,0,0,0,0,0,0,"Peasant",0,0,0,0,0,0
"Green ball gown",0,0,100000,0,0,0,0,0,0,0,0,0,0,"Peasant",0,0,0,0,0,0
"Tribal feathers",0,0,100000,0,0,0,0,0,0,0,0,0,0,"Peasant",0,0,0,0,0,0
"Tribal outfit",0,100,100000,0,0,0,0,0,0,0,0,0,0,"Peasant",0,0,0,0,0,0
"Tribal dress",0,100,100000,0,0,0,0,0,0,0,0,0,0,"Peasant",0,0,0,0,0,0
"Tribal headband",0,0,100000,0,0,0,0,0,0,0,0,0,0,"Peasant",0,0,0,0,0,0
"Tan winter coat",0,100,100000,0,0,0,0,0,0,0,0,0,0,"Peasant",0,0,0,0,0,0
"Tan winter hat",0,0,100000,0,0,0,0,0,0,0,0,0,0,"Peasant",0,0,0,0,0,0
"Tan winter jacket",0,100,100000,0,0,0,0,0,0,0,0,0,0,"Peasant",0,0,0,0,0,0
"Tan winter hood",0,0,100000,0,0,0,0,0,0,0,0,0,0,"Peasant",0,0,0,0,0,0
"Tatar",0,100000,100000,0,0,0,0,0,0,0,0,0,0,"Rogue",0,50,0,0,1,1
"White Cloak of the Canaille",0,0,100000,0,0,0,0,0,0,0,0,0,0,"Warrior",0,0,0,0,0,0
"Blackish forest dress",0,0,100000,0,0,0,0,0,0,0,0,0,0,"Peasant",0,0,0,0,0,0
"Guerrsang",0,100000,100000,0,0,0,0,0,0,0,0,0,0,"Warrior",0,50,0,0,1,1
"Santa suit",0,10000,100000,0,0,0,0,0,0,0,0,0,0,"Peasant",0,0,0,0,0,0
"Serendipity",0,100000,100000,0,0,0,0,0,0,0,0,0,0,"Rogue",0,50,0,0,1,1
"Red angel wings",0,0,100000,0,0,0,0,0,0,0,0,0,0,"Peasant",0,0,0,0,0,0
"White beard",0,0,100000,0,0,0,0,0,0,0,0,0,0,"Peasant",0,0,0,0,0,0
"Clearsight crystal staff",0,100000,100000,0,0,0,0,0,0,0,0,0,0,"Mage",0,50,0,0,1,1
"Maker's Blessing",0,0,100000,0,0,0,0,0,0,0,0,0,0,"Warrior",0,50,0,0,0,0
"Black glasses",0,0,100000,0,0,0,0,0,0,0,0,0,0,"Peasant",0,0,0,0,0,0
"Christmas coat",0,0,100000,0,0,0,0,0,0,0,0,0,0,"Peasant",0,0,0,0,0,0
"Christmas skirt",0,0,100000,0,0,0,0,0,0,0,0,0,0,"Peasant",0,0,0,0,0,0
"Brown hair santa hat",0,0,100000,0,0,0,0,0,0,0,0,0,0,"Peasant",0,0,0,0,0,0
"Brown hair santa cap",0,0,100000,0,0,0,0,0,0,0,0,0,0,"Peasant",0,0,0,0,0,0
"Santas sleigh",0,100,100000,0,0,0,0,0,0,0,0,0,0,"Peasant",0,0,0,0,0,0
"Black guitar",0,100,100000,0,0,0,0,0,0,0,0,0,0,"Peasant",0,0,0,0,0,0
"Black and red guitar",0,100,100000,0,0,0,0,0,0,0,0,0,0,"Peasant",0,0,0,0,0,0
"Snow effect",0,100,100000,0,0,0,0,0,0,0,0,0,0,"Peasant",0,0,0,0,0,0
"Royal crest",0,0,10000,0,0,0,0,0,0,0,0,0,0,"Peasant",0,0,0,0,0,0
"Recurve bow",0,3250000,1000000,2,0,0,0,0,0,0,0,0,0,"Peasant",0,0,0,0,335,375
"Sunglasses",0,0,100000,0,0,0,0,0,0,0,0,0,0,"Peasant",0,0,0,0,0,0
"Lightning shades",0,0,100000,0,0,0,0,0,0,0,0,0,0,"Peasant",0,0,0,0,0,0
"Sky paintball gun",0,1000,10000,0,1000,0,0,0,0,0,0,0,0,"Peasant",0,0,0,0,0,1
"Croc's tooth",0,3250000,1000000,0,0,0,9000,2500,50,0,0,0,0,"Peasant",0,99,0,0,590,635
"Bronze dirk",0,3250000,1000000,0,15,0,4000,3000,0,0,0,0,0,"Peasant",0,0,0,0,570,600
"Serpent staff",0,3250000,1000000,0,0,0,0,6500,0,0,30,0,0,"Peasant",0,99,0,0,10,20
"King's scepter",0,3250000,1000000,0,0,0,4500,4500,0,10,20,0,0,"Peasant",0,0,0,2,10,20
"Croc tooth both",0,3250000,1000000,2,0,0,0,0,0,0,0,0,0,"Peasant",0,0,0,0,335,375
"Croc tooth bow",0,3250000,1000000,0,10,0,4500,3000,0,20,0,0,0,"Peasant",0,0,0,0,485,525
"Stunna shades",0,0,100000,0,0,0,0,0,0,0,0,0,0,"Peasant",0,0,0,0,0,0
"Black leather armor",0,0,100000,0,0,0,0,0,0,0,0,0,0,"Peasant",0,0,0,0,0,0
"Black leather skirt",0,0,100000,0,0,0,0,0,0,0,0,0,0,"Peasant",0,0,0,0,0,0
"Knit cap",0,0,100000,0,0,0,0,0,0,0,0,0,0,"Peasant",0,0,0,0,0,0
"Ladies knit cap",0,0,100000,0,0,0,0,0,0,0,0,0,0,"Peasant",0,0,0,0,0,0
"Short white 1",0,0,100000,0,0,0,0,0,0,0,0,0,0,"Peasant",0,0,0,0,0,0
"Monocle",0,0,100000,0,0,0,0,0,0,0,0,0,0,"Peasant",0,0,0,0,0,0
"Hipster fedora",0,0,100000,0,0,0,0,0,0,0,0,0,0,"Peasant",0,0,0,0,0,0
"Fuzzy brown hat",0,0,100000,0,0,0,0,0,0,0,0,0,0,"Peasant",0,0,0,0,0,0
"Black bandito",0,0,100000,0,0,0,0,0,0,0,0,0,0,"Peasant",0,0,0,0,0,0
"Gnarled staff",0,1250000,250000,-2,6,6,1000,1000,0,4,4,0,0,"Peasant",0,99,0,0,230,250
"Arrow stopper",0,500000,500000,-8,1,1,750,750,0,0,0,0,0,"Peasant",0,99,0,0,0,0
"Hallowed glove",0,50000,100000,-11,0,0,-100,-100,1,0,0,0,0,"Peasant",0,70,0,0,0,0
"Vilhena garb",0,0,100000,0,0,0,0,0,0,0,0,0,0,"Peasant",0,0,0,0,0,0
"Vilhena skirt",0,0,100000,0,0,0,0,0,0,0,0,0,0,"Peasant",0,0,0,0,0,0
"Vilhena school skirt",0,0,100000,0,0,0,0,0,0,0,0,0,0,"Peasant",0,0,0,0,0,0
"Vilhena casual",0,0,100000,0,0,0,0,0,0,0,0,0,0,"Peasant",0,0,0,0,0,0
"Stewardess outfit",0,0,100000,0,0,0,0,0,0,0,0,0,0,"Peasant",0,0,0,0,0,0
"Stewardess hat",0,0,100000,0,0,0,0,0,0,0,0,0,0,"Peasant",0,0,0,0,0,0
"Pilots hat",0,0,100000,0,0,0,0,0,0,0,0,0,0,"Peasant",0,0,0,0,0,0
"Pilots uniform",0,0,100000,0,0,0,0,0,0,0,0,0,0,"Peasant",0,0,0,0,0,0
"Orange bandito",0,0,100000,0,0,0,0,0,0,0,0,0,0,"Peasant",0,0,0,0,0,0
"Orange bandito 2",0,0,100000,0,0,0,0,0,0,0,0,0,0,"Peasant",0,0,0,0,0,0
"Valentine dress",0,0,100000,0,0,0,0,0,0,0,0,0,0,"Peasant",0,0,0,0,0,0
"Valentine suit",0,0,100000,0,0,0,0,0,0,0,0,0,0,"Peasant",0,0,0,0,0,0
"Valentine fan",0,0,100000,0,0,0,0,0,0,0,0,0,0,"Peasant",0,0,0,0,0,1
"Valentine cape",0,100,100000,0,0,0,0,0,0,0,0,0,0,"Peasant",0,0,0,0,0,0
"Assistant's coat",0,100,1000000,0,0,0,0,0,0,0,0,0,0,"Peasant",0,0,0,0,0,0
"Clover hat",0,0,100000,0,0,0,0,0,0,0,0,0,0,"Peasant",0,0,0,0,0,0
"Leprechaun hat",0,0,100000,0,0,0,0,0,0,0,0,0,0,"Peasant",0,0,0,0,0,0
"Leprechaun girl hair",0,0,100000,0,0,0,0,0,0,0,0,0,0,"Peasant",0,0,0,0,0,0
"Leprechaun suit",0,0,100000,0,0,0,0,0,0,0,0,0,0,"Peasant",0,0,0,0,0,0
"Leprechaun dress",0,0,100000,0,0,0,0,0,0,0,0,0,0,"Peasant",0,0,0,0,0,0
"Green glasses",0,0,100000,0,0,0,0,0,0,0,0,0,0,"Peasant",0,0,0,0,0,0
"Purple leprechaun girl hair",0,0,100000,0,0,0,0,0,0,0,0,0,0,"Peasant",0,0,0,0,0,0
"Baby tiger",0,0,100000,0,0,0,0,0,0,0,0,0,0,"Peasant",0,0,0,0,0,1
"hatt",0,0,10000,-70,0,0,10000000,0,0,0,0,0,0,"Peasant",0,0,0,0,0,0
"glovee",0,0,10000,-95,0,0,500000,250000,0,0,56,0,0,"Peasant",0,0,0,0,0,0
"Guri ball gown",0,0,100000,0,0,0,0,0,0,0,0,0,0,"Peasant",0,0,0,0,0,0
"Guri dress garb",0,1000,100000,0,0,0,0,0,0,0,0,0,0,"Peasant",0,0,0,0,0,0
"Risque dress",0,0,100000,0,0,0,0,0,0,0,0,0,0,"Peasant",0,0,0,0,0,0
"Bunny garb",0,0,100000,0,0,0,0,0,0,0,0,0,0,"Peasant",0,0,0,0,0,0
"Bunny dress",0,0,100000,0,0,0,0,0,0,0,0,0,0,"Peasant",0,0,0,0,0,0
"Sparkly dress",0,0,100000,0,0,0,0,0,0,0,0,0,0,"Peasant",0,0,0,0,0,0
"Dinosaur suit",0,0,100000,0,0,0,0,0,0,0,0,0,0,"Peasant",0,0,0,0,0,0
"Dinosaur hat",0,0,100000,0,0,0,0,0,0,0,0,0,0,"Peasant",0,0,0,0,0,0
"Talon of Esu",0,100000,100000,0,0,0,0,0,0,0,0,0,0,"Poet",0,50,0,0,1,1
"Guri waistcoat",0,100,100000,0,0,0,0,0,0,0,0,0,0,"Peasant",0,0,0,0,0,0
"Quiggy hat",0,0,100000,0,0,0,0,0,0,0,0,0,0,"Peasant",0,0,0,0,0,0
"Quiggy backpack",0,100,100000,0,0,0,0,0,0,0,0,0,0,"Peasant",0,0,0,0,0,0
"Royal guri dress",0,0,100000,0,0,0,0,0,0,0,0,0,0,"Peasant",0,0,0,0,0,0
"Royal guri garb",0,0,100000,0,0,0,0,0,0,0,0,0,0,"Peasant",0,0,0,0,0,0
"Guri samurai hair",0,0,100000,0,0,0,0,0,0,0,0,0,0,"Peasant",0,0,0,0,0,0
"Guri geisha hair",0,0,100000,0,0,0,0,0,0,0,0,0,0,"Peasant",0,0,0,0,0,0
"Tibbers",0,0,100000,0,0,0,0,0,0,0,0,0,0,"Peasant",0,0,0,0,0,1
"Pillow",0,0,10000,0,0,0,0,0,0,0,0,0,0,"Peasant",0,0,0,0,0,1
"Plant destroyer",0,0,100000,0,0,0,0,0,0,0,0,0,0,"Peasant",0,0,0,0,0,1
"Floral band",0,250000,100000,-7,10,10,4000,3000,10,10,10,0,0,"Peasant",0,99,0,5,0,0
"Sea sword",0,0,100000,0,0,0,0,0,0,0,0,0,0,"Peasant",0,0,0,0,0,1
"Rejuvenating robe",0,1500000,250000,-41,0,0,2500,5000,0,0,20,0,0,"Peasant",0,0,0,0,0,0
"Spellbinding cape",0,1500000,250000,-41,0,0,2500,5000,0,0,20,0,0,"Peasant",0,0,0,0,0,0
"Nimble guise",0,1500000,250000,-43,10,10,5000,2500,0,10,5,0,0,"Peasant",0,99,0,0,0,0
"Tribal platemail",0,1500000,250000,-45,10,10,8000,1000,20,5,0,0,0,"Peasant",0,99,0,0,0,0
"test stick",0,0,10000,0,0,0,0,0,0,0,0,0,0,"Peasant",0,0,0,0,10,10
"test stick2",0,0,10000,0,0,0,0,0,0,0,0,0,0,"Peasant",0,0,0,0,0,1
"test stick3",0,0,10000,0,0,0,0,0,0,0,0,0,0,"Peasant",0,0,0,0,1000,1000
"Red fedora",0,0,100000,0,0,0,0,0,0,0,0,0,0,"Peasant",0,0,0,0,0,0
"Frost falchion",75,5000000,1000000,0,6,6,6500,2500,5,2,1,0,0,"Peasant",0,99,0,0,565,610
"Terror wings",0,500000,500000,0,0,0,1000,1000,0,0,0,0,0,"Peasant",0,0,0,1,0,0
"Lava-forged staff",0,5000000,1000000,0,0,0,4500,5500,0,0,25,0,0,"Peasant",0,99,0,0,150,150
"200kmana",0,0,10000,0,0,0,0,200000,0,0,0,0,0,"Peasant",0,0,0,0,0,0
"Lost platemail",0,4000000,750000,-40,5,5,8000,8000,5,5,5,0,0,"Peasant",0,99,0,5,0,0
"Do",0,0,100000,0,0,0,0,0,0,0,0,0,0,"Peasant",0,0,0,0,1,1
"Ladies pajamas",0,0,100000,0,0,0,0,0,0,0,0,0,0,"Peasant",0,0,0,0,0,0
"Mens pajamas",0,0,100000,0,0,0,0,0,0,0,0,0,0,"Peasant",0,0,0,0,0,0
"Fluffy pillow",0,0,100000,0,0,0,0,0,0,0,0,0,0,"Peasant",0,0,0,0,1,1
"Frozen crystal blade",0,100,100000,0,0,0,0,0,0,0,0,0,0,"Peasant",0,0,0,0,0,1
"Black pillow",0,0,10000,0,0,0,0,0,0,0,0,0,0,"Peasant",0,0,0,0,0,1
"Peach pillow",0,0,10000,0,0,0,0,0,0,0,0,0,0,"Peasant",0,0,0,0,0,1
"Red pillow",0,0,10000,0,0,0,0,0,0,0,0,0,0,"Peasant",0,0,0,0,0,1
"Green pillow",0,0,10000,0,0,0,0,0,0,0,0,0,0,"Peasant",0,0,0,0,0,1
"Blue pillow",0,0,10000,0,0,0,0,0,0,0,0,0,0,"Peasant",0,0,0,0,0,1
"Purple pillow",0,0,10000,0,0,0,0,0,0,0,0,0,0,"Peasant",0,0,0,0,0,1
"Warden's Gift",0,100000,100000,0,0,0,0,0,0,0,0,0,0,"Peasant",0,50,0,0,1,1
"Ancient crossbow",0,4000000,1000000,0,11,0,5500,3750,0,22,0,0,0,"Peasant",0,0,0,0,545,605
"Enchanted longsword",0,4000000,1000000,0,0,0,10000,3000,55,0,0,0,0,"Peasant",0,99,0,0,645,695
"Enchanted dirk",0,4000000,1000000,0,15,0,5000,3250,0,0,0,0,0,"Peasant",0,0,0,0,615,645
"Shining star",0,4000000,1000000,0,0,0,6000,6500,0,10,25,0,0,"Peasant",0,0,0,3,10,20
"Ancient staff",0,4000000,1000000,0,0,0,1500,7950,0,0,50,0,0,"Peasant",0,99,0,3,10,20
"Charged mining helmet",0,0,100000,0,0,0,0,0,0,0,0,0,0,"Peasant",0,0,0,0,0,0
"Flameblade",0,0,10000,0,0,0,750,750,0,0,10,0,0,"Peasant",0,50,0,0,100,150
"Fox hat",0,0,100000,0,0,0,0,0,0,0,0,0,0,"Peasant",0,0,0,0,0,0
"Royal trundel garb",0,0,100000,0,0,0,0,0,0,0,0,0,0,"Peasant",0,0,0,0,0,0
"Royal trundel dress",0,0,100000,0,0,0,0,0,0,0,0,0,0,"Peasant",0,0,0,0,0,0
"Ogre cloth",0,0,100000,0,0,0,0,0,0,0,0,0,0,"Peasant",0,0,0,0,0,0
"Ogre dress",0,0,100000,0,0,0,0,0,0,0,0,0,0,"Peasant",0,0,0,0,0,0
"Small yellow hat",0,0,100000,0,0,0,0,0,0,0,0,0,0,"Peasant",0,0,0,0,0,0
"Clipped wing",0,100,100000,0,0,0,0,0,0,0,0,0,0,"Peasant",0,0,0,0,0,0
"Heavy platemail",0,100,100000,0,0,0,0,0,0,0,0,0,0,"Peasant",0,0,0,0,0,0
"Heavy plate dress",0,100,100000,0,0,0,0,0,0,0,0,0,0,"Peasant",0,0,0,0,0,0
"Snake hat",0,0,100000,0,0,0,0,0,0,0,0,0,0,"Peasant",0,0,0,0,0,0
"Guri cloak",0,100,100000,0,0,0,0,0,0,0,0,0,0,"Peasant",0,0,0,0,0,0
"Warriors platemail",0,100,100000,0,0,0,0,0,0,0,0,0,0,"Peasant",0,0,0,0,0,0
"Cat hat",0,0,100000,0,0,0,0,0,0,0,0,0,0,"Peasant",0,0,0,0,0,0
"Loremasters staff",0,5000000,1000000,0,0,0,0,0,0,0,0,0,0,"Peasant",0,0,0,0,99,100
"Faithkeeper",0,75000,100000,0,2,2,750,0,1,0,0,0,0,"Peasant",0,60,0,0,120,145
"Heaven shades",0,0,100000,0,0,0,0,0,0,0,0,0,0,"Peasant",0,0,0,0,0,0
"Lance",0,0,10000,0,100,0,0,0,0,0,0,0,0,"Peasant",0,0,0,0,0,1
"Bear hat",0,0,100000,0,0,0,0,0,0,0,0,0,0,"Peasant",0,0,0,0,0,0
"Girl ninja hair",0,0,100000,0,0,0,0,0,0,0,0,0,0,"Peasant",0,0,0,0,0,0
"Boy ninja hair",0,0,100000,0,0,0,0,0,0,0,0,0,0,"Peasant",0,0,0,0,0,0
"Girl ninja outfit",0,0,100000,0,0,0,0,0,0,0,0,0,0,"Peasant",0,0,0,0,0,0
"Boy ninja outfit",0,0,100000,0,0,0,0,0,0,0,0,0,0,"Peasant",0,0,0,0,0,0
"Imbued broadsword",0,750000,500000,0,5,5,2200,0,3,1,0,0,0,"Peasant",0,99,0,0,325,345
"Chipped broadsword",0,750000,500000,0,5,5,2200,0,3,1,0,0,0,"Peasant",0,99,0,0,295,325
"Flawless broadsword",0,750000,500000,0,5,5,2750,0,3,1,0,0,0,"Peasant",0,99,0,0,345,365
"Chipped falchion",100,2000000,750000,0,6,6,2500,750,5,2,1,0,0,"Peasant",0,99,0,0,360,395
"Imbued falchion",100,2000000,750000,0,6,6,2750,1000,5,2,1,0,0,"Peasant",0,99,0,0,395,425
"Flawless falchion",100,2000000,750000,0,6,6,3250,1250,5,2,1,0,0,"Peasant",0,99,0,0,425,450
"Dull tower shield",0,1000000,750000,-9,1,1,750,250,0,0,0,0,0,"Peasant",0,99,0,0,0,0
"Dull mystic guard",0,1000000,750000,-9,1,1,250,750,0,0,0,0,0,"Peasant",0,99,0,0,0,0
"Dull holy shield",0,1000000,750000,-9,1,1,500,500,0,0,0,0,0,"Peasant",0,99,0,0,0,0
"Dull blocker",0,1000000,750000,-9,1,1,750,500,0,0,0,0,0,"Peasant",0,99,0,0,0,0
"Tower shield",0,1000000,750000,-9,2,1,1000,400,0,0,0,0,0,"Peasant",0,99,0,0,0,0
"Reinforced tower shield",0,1000000,750000,-10,2,1,1250,500,0,0,0,0,0,"Peasant",0,99,0,0,0,0
"Mystic guard",0,1000000,750000,-9,1,1,400,900,0,0,3,0,0,"Peasant",0,99,0,0,0,0
"Empowered mystic guard",0,1000000,750000,-10,1,1,550,1100,0,0,5,0,0,"Peasant",0,99,0,0,0,0
"Holy shield",0,1000000,750000,-9,1,1,750,750,0,0,1,0,0,"Peasant",0,99,0,0,0,0
"Empowered holy shield",0,1000000,750000,-10,1,1,900,900,0,0,2,0,0,"Peasant",0,99,0,0,0,0
"Sturdy blocker",0,1000000,750000,-9,3,2,900,650,0,5,0,0,0,"Peasant",0,99,0,0,0,0
"Reinforced blocker",0,1000000,750000,-10,3,2,1250,900,0,5,0,0,0,"Peasant",0,99,0,0,0,0
"Void Crystal",0,100000,100000,0,0,0,0,0,0,0,0,0,0,"Mage",0,50,0,0,1,1
"Astral staff",0,100000,100000,0,0,0,0,0,0,0,0,0,0,"Mage",0,50,0,0,1,1
"Judge Dredd's Robes",0,0,10000,-100,10000,10000,10000000,10000000,750,750,750,0,0,"Peasant",0,99,0,0,0,0
"New Item",0,0,10000000,100,10000,10000,10000000,10000000,750,750,750,0,0,"Peasant",0,99,0,0,0,0
"Judge's Robes",0,0,10000,-100,750,750,5000000,5000000,750,750,750,0,0,"Peasant",0,1,0,0,0,0
"Cracked sea jewel",0,500000,250000,-10,0,0,2000,2000,7,7,7,0,0,"Peasant",0,99,0,0,0,0
"Polished sea jewel",0,750000,500000,-12,0,0,3250,3250,7,7,8,0,0,"Peasant",0,99,0,0,0,0
"Perfect sea jewel",0,1000000,500000,-13,0,0,4000,4000,8,8,8,0,0,"Peasant",0,99,0,0,0,0
"Crude naginata",0,1500000,750000,0,7,7,1500,1500,0,5,5,0,0,"Poet",0,99,0,0,285,305
"Sturdy naginata",0,2000000,1000000,0,7,7,3000,3000,0,5,5,0,0,"Poet",0,99,0,0,355,385
"Master naginata",0,2000000,1000000,0,7,7,4500,4500,0,8,8,0,0,"Poet",0,99,0,0,385,415
"Crude spirit staff",0,1500000,750000,0,5,5,750,2500,5,5,12,0,0,"Mage",0,99,0,0,225,245
"Sturdy spirit staff",0,2000000,1000000,0,5,5,1500,4000,5,5,19,0,0,"Mage",0,99,0,0,285,325
"Master spirit staff",0,2000000,1000000,-1,5,5,2500,5500,5,5,19,0,0,"Mage",0,99,0,0,340,380
"Crude gnarled staff",0,1000000,250000,-1,6,6,750,750,0,4,4,0,0,"Peasant",0,99,0,0,210,220
"Sturdy gnarled staff",0,1250000,750000,-2,6,6,1500,2250,0,4,6,0,0,"Peasant",0,99,0,0,230,250
"Master gnarled staff",0,1500000,750000,-2,6,6,2750,2750,10,10,10,0,0,"Peasant",0,99,0,0,320,350
"Testing stick",0,0,10000,0,0,0,0,0,0,0,0,0,0,"Peasant",0,0,0,0,0,1
"Holy scroll",0,100,10000,-1,0,0,20,20,0,0,2,0,0,"Peasant",0,0,0,0,1,4
"Sturdy staff",0,100,10000,-1,0,0,10,35,0,0,2,0,0,"Peasant",0,0,0,0,1,3
"Swordsmans blade",0,50,20000,0,1,3,10,0,0,0,0,0,0,"Peasant",0,0,0,0,3,6
"Wooden bow",0,5,10000,0,0,0,0,0,0,0,0,0,0,"Peasant",0,0,0,0,1,4
